-rw-r--r--,1,www-data,www-data,1,Mar,30,23:30,FI157618/index.php,FI157618,48
-rw-r--r--,1,www-data,www-data,1,Mar,30,22:28,FI627904/index.php,FI627904,28
-rw-r--r--,1,www-data,www-data,1,Mar,30,22:12,FI868280/index.php,FI868280,48
-rw-r--r--,1,www-data,www-data,1,Mar,30,21:51,FI682097/index.php,FI682097,28
-rw-r--r--,1,www-data,www-data,1,Mar,30,20:55,FI714769/index.php,FI714769,28
-rw-r--r--,1,www-data,www-data,1,Mar,30,20:03,FI448074/index.php,FI448074,8
-rw-r--r--,1,www-data,www-data,1,Mar,30,19:32,FI310272/index.php,FI310272,18
-rw-r--r--,1,www-data,www-data,1,Mar,30,18:42,FI65415/index.php,FI65415,9
-rw-r--r--,1,www-data,www-data,1,Mar,30,18:26,FI106725/index.php,FI106725,28
-rw-r--r--,1,www-data,www-data,1,Mar,30,16:20,FI532840/index.php,FI532840,108
-rw-r--r--,1,www-data,www-data,1,Mar,30,15:45,FI797413/index.php,FI797413,12
-rw-r--r--,1,www-data,www-data,1,Mar,30,14:24,FI391881/index.php,FI391881,48
-rw-r--r--,1,www-data,www-data,1,Mar,30,12:09,FI353699/index.php,FI353699,8
-rw-r--r--,1,www-data,www-data,1,Mar,30,11:34,FI501768/index.php,FI501768,28
-rw-r--r--,1,www-data,www-data,1,Mar,30,11:10,FI765054/index.php,FI765054,48
-rw-r--r--,1,www-data,www-data,1,Mar,30,10:24,FI905086/index.php,FI905086,8
-rw-r--r--,1,www-data,www-data,1,Mar,30,09:57,FI445865/index.php,FI445865,48
-rw-r--r--,1,www-data,www-data,1,Mar,30,07:43,FI997223/index.php,FI997223,48
-rw-r--r--,1,www-data,www-data,1,Mar,30,07:11,FI632530/index.php,FI632530,28
-rw-r--r--,1,www-data,www-data,1,Mar,30,06:53,FI624460/index.php,FI624460,29
-rw-r--r--,1,www-data,www-data,1,Mar,30,01:32,FI118434/index.php,FI118434,48
-rw-r--r--,1,www-data,www-data,1,Mar,30,00:23,FI444569/index.php,FI444569,28
-rw-r--r--,1,www-data,www-data,1,Mar,30,00:17,FI285271/index.php,FI285271,28
-rw-r--r--,1,www-data,www-data,1,Mar,29,23:23,FI206342/index.php,FI206342,28
-rw-r--r--,1,www-data,www-data,1,Mar,29,23:20,FI350509/index.php,FI350509,15
-rw-r--r--,1,www-data,www-data,1,Mar,29,23:16,FI585031/index.php,FI585031,11
-rw-r--r--,1,www-data,www-data,1,Mar,29,23:16,FI312680/index.php,FI312680,28
-rw-r--r--,1,www-data,www-data,1,Mar,29,22:58,FI629987/index.php,FI629987,28
-rw-r--r--,1,www-data,www-data,1,Mar,29,22:38,FI67195/index.php,FI67195,28
-rw-r--r--,1,www-data,www-data,1,Mar,29,22:35,FI237429/index.php,FI237429,48
-rw-r--r--,1,www-data,www-data,1,Mar,29,22:30,FI481554/index.php,FI481554,8
-rw-r--r--,1,www-data,www-data,1,Mar,29,22:18,FI577058/index.php,FI577058,28
-rw-r--r--,1,www-data,www-data,1,Mar,29,22:16,FI740617/index.php,FI740617,28
-rw-r--r--,1,www-data,www-data,1,Mar,29,22:13,FI158164/index.php,FI158164,28
-rw-r--r--,1,www-data,www-data,1,Mar,29,22:08,FI864871/index.php,FI864871,28
-rw-r--r--,1,www-data,www-data,1,Mar,29,22:07,FI426576/index.php,FI426576,28
-rw-r--r--,1,www-data,www-data,1,Mar,29,21:54,FI410658/index.php,FI410658,28
-rw-r--r--,1,www-data,www-data,1,Mar,29,21:52,FI305995/index.php,FI305995,10
-rw-r--r--,1,www-data,www-data,1,Mar,29,21:52,FI204569/index.php,FI204569,28
-rw-r--r--,1,www-data,www-data,1,Mar,29,21:51,FI727059/index.php,FI727059,9
-rw-r--r--,1,www-data,www-data,1,Mar,29,21:45,FI114333/index.php,FI114333,12
-rw-r--r--,1,www-data,www-data,1,Mar,29,21:35,FI257264/index.php,FI257264,28
-rw-r--r--,1,www-data,www-data,1,Mar,29,21:34,FI94379/index.php,FI94379,28
-rw-r--r--,1,www-data,www-data,1,Mar,29,21:34,FI834974/index.php,FI834974,28
-rw-r--r--,1,www-data,www-data,1,Mar,29,21:26,FI364224/index.php,FI364224,28
-rw-r--r--,1,www-data,www-data,1,Mar,29,21:26,FI672028/index.php,FI672028,8
-rw-r--r--,1,www-data,www-data,1,Mar,29,21:19,FI796346/index.php,FI796346,48
-rw-r--r--,1,www-data,www-data,1,Mar,29,21:14,FI640609/index.php,FI640609,48
-rw-r--r--,1,www-data,www-data,1,Mar,29,21:10,FI895250/index.php,FI895250,28
-rw-r--r--,1,www-data,www-data,1,Mar,29,21:09,FI918341/index.php,FI918341,8
-rw-r--r--,1,www-data,www-data,1,Mar,29,21:08,FI379517/index.php,FI379517,8
-rw-r--r--,1,www-data,www-data,1,Mar,29,21:07,FI669306/index.php,FI669306,28
-rw-r--r--,1,www-data,www-data,1,Mar,29,21:07,FI362700/index.php,FI362700,28
-rw-r--r--,1,www-data,www-data,1,Mar,29,21:05,FI956823/index.php,FI956823,48
-rw-r--r--,1,www-data,www-data,1,Mar,29,21:00,FI576699/index.php,FI576699,28
-rw-r--r--,1,www-data,www-data,1,Mar,29,20:59,FI252009/index.php,FI252009,15
-rw-r--r--,1,www-data,www-data,1,Mar,29,20:54,FI535633/index.php,FI535633,28
-rw-r--r--,1,www-data,www-data,1,Mar,29,20:54,FI506857/index.php,FI506857,43
-rw-r--r--,1,www-data,www-data,1,Mar,29,20:51,FI372843/index.php,FI372843,48
-rw-r--r--,1,www-data,www-data,1,Mar,29,20:51,FI419804/index.php,FI419804,55
-rw-r--r--,1,www-data,www-data,1,Mar,29,20:50,FI200729/index.php,FI200729,28
-rw-r--r--,1,www-data,www-data,1,Mar,29,20:48,FI394503/index.php,FI394503,28
-rw-r--r--,1,www-data,www-data,1,Mar,29,20:48,FI93714/index.php,FI93714,48
-rw-r--r--,1,www-data,www-data,1,Mar,29,20:47,FI612112/index.php,FI612112,10
-rw-r--r--,1,www-data,www-data,1,Mar,29,20:39,FI438918/index.php,FI438918,10
-rw-r--r--,1,www-data,www-data,1,Mar,29,20:11,FI383936/index.php,FI383936,28
-rw-r--r--,1,www-data,www-data,1,Mar,29,20:07,FI786099/index.php,FI786099,28
-rw-r--r--,1,www-data,www-data,1,Mar,29,19:50,FI96640/index.php,FI96640,24
-rw-r--r--,1,www-data,www-data,1,Mar,29,19:34,FI574599/index.php,FI574599,9
-rw-r--r--,1,www-data,www-data,1,Mar,29,19:23,FI70488/index.php,FI70488,28
-rw-r--r--,1,www-data,www-data,1,Mar,29,19:19,FI432016/index.php,FI432016,28
-rw-r--r--,1,www-data,www-data,1,Mar,29,19:13,FI502531/index.php,FI502531,28
-rw-r--r--,1,www-data,www-data,1,Mar,29,18:51,FI611761/index.php,FI611761,28
-rw-r--r--,1,www-data,www-data,1,Mar,29,18:39,FI378232/index.php,FI378232,8
-rw-r--r--,1,www-data,www-data,1,Mar,29,18:32,FI547226/index.php,FI547226,28
-rw-r--r--,1,www-data,www-data,1,Mar,29,16:29,FI938950/index.php,FI938950,28
-rw-r--r--,1,www-data,www-data,1,Mar,29,16:09,FI223811/index.php,FI223811,28
-rw-r--r--,1,www-data,www-data,1,Mar,29,14:59,FI169963/index.php,FI169963,28
-rw-r--r--,1,www-data,www-data,1,Mar,29,14:55,FI147252/index.php,FI147252,28
-rw-r--r--,1,www-data,www-data,1,Mar,29,14:54,FI995412/index.php,FI995412,28
-rw-r--r--,1,www-data,www-data,1,Mar,29,13:58,FI128909/index.php,FI128909,8
-rw-r--r--,1,www-data,www-data,1,Mar,29,13:31,FI520783/index.php,FI520783,15
-rw-r--r--,1,www-data,www-data,1,Mar,29,12:30,FI923378/index.php,FI923378,18
-rw-r--r--,1,www-data,www-data,1,Mar,29,11:36,FI585038/index.php,FI585038,8
-rw-r--r--,1,www-data,www-data,1,Mar,29,11:13,FI157246/index.php,FI157246,8
-rw-r--r--,1,www-data,www-data,1,Mar,29,10:55,FI304572/index.php,FI304572,28
-rw-r--r--,1,www-data,www-data,1,Mar,29,10:03,FI54029/index.php,FI54029,12
-rw-r--r--,1,www-data,www-data,1,Mar,29,09:36,FI625939/index.php,FI625939,28
-rw-r--r--,1,www-data,www-data,1,Mar,29,06:58,FI412647/index.php,FI412647,28
-rw-r--r--,1,www-data,www-data,1,Mar,29,02:41,FI602203/index.php,FI602203,8
-rw-r--r--,1,www-data,www-data,1,Mar,29,00:27,FI286542/index.php,FI286542,28
-rw-r--r--,1,www-data,www-data,1,Mar,29,00:27,FI400325/index.php,FI400325,8
-rw-r--r--,1,www-data,www-data,1,Mar,29,00:25,UK656667/index.php,UK656667,8
